first_name,last_name,user_email,company,birthday,user_pass
Arly,Honisch,ahonisch0@example.com,Mydo,1979-11-04,password
Waneta,Parrin,wparrin1@example.com,Realpoint,1995-07-08,password
Brody,Vedekhov,bvedekhov2@example.com,Edgepulse,1964-12-03,password
Ulrike,Lafferty,ulafferty3@example.com,Katz,1998-06-08,password
Cheri,Kermode,ckermode4@example.com,Minyx,1984-03-08,password
Paulita,Broadnicke,pbroadnicke5@example.com,Tekfly,1995-02-23,password
Rudolf,Grigoryev,rgrigoryev6@example.com,Aimbu,1957-11-20,password
Astrid,Pennycord,apennycord7@example.com,Kazu,1963-11-25,password
Bordie,Van den Dael,bvandendael8@example.com,Teklist,1969-10-04,password
Cord,Vellacott,cvellacott9@example.com,Feedmix,1992-12-08,password
